"Docente","Link"
"ADDESSO PAOLO","http://docenti.unisa.it/020346/home"
"ALBANESE DONATELLA","http://docenti.unisa.it/020386/home"
"ALBANO GIOVANNINA","http://docenti.unisa.it/003495/home"
"ALFIERI VITTORIO","http://docenti.unisa.it/024166/home"
"AMENDOLA ADA","http://docenti.unisa.it/026745/home"
"ANGELILLO MAURIZIO","http://docenti.unisa.it/001025/home"
"APREA CIRO","http://docenti.unisa.it/001709/home"
"ASCIONE FRANCESCO","http://docenti.unisa.it/024866/home"
"AULETTA VINCENZO","http://docenti.unisa.it/001366/home"
"AVERSANO GABRIELE","http://docenti.unisa.it/005226/home"
"BARBA SALVATORE","http://docenti.unisa.it/020173/home"
"BARBIERI GIUSEPPINA GERARDA","http://docenti.unisa.it/038248/home"
"BARLETTA DIEGO","http://docenti.unisa.it/004682/home"
"BASILE FRANCESCO","http://docenti.unisa.it/005630/home"
"BERARDI VALENTINO PAOLO","http://docenti.unisa.it/004668/home"
"BOCHICCHIO IVANA","http://docenti.unisa.it/021269/home"
"BOVOLIN VITTORIO","http://docenti.unisa.it/001309/home"
"BRUNO ANDREA","http://docenti.unisa.it/032154/home"
"CAIAZZO FABRIZIA","http://docenti.unisa.it/000762/home"
"CALDERARO VITO","http://docenti.unisa.it/005264/home"
"CALIENDO CIRO","http://docenti.unisa.it/001911/home"
"CALVELLO MICHELE","http://docenti.unisa.it/005854/home"
"CAMMARANO ANTONELLO","http://docenti.unisa.it/026284/home"
"CANALE ANNA","http://docenti.unisa.it/001468/home"
"CANTARELLA GIULIO ERBERTO","http://docenti.unisa.it/004008/home"
"CAPONE ROBERTO","http://docenti.unisa.it/029093/home"
"CAPPETTI NICOLA","http://docenti.unisa.it/001721/home"
"CAPUTO MAURO","http://docenti.unisa.it/003528/home"
"CARLETTI VINCENZO","http://docenti.unisa.it/026104/home"
"CARLOMAGNO ISABELLA","http://docenti.unisa.it/042568/home"
"CARLONE PIERPAOLO","http://docenti.unisa.it/020748/home"
"CASILLO MARIO","http://docenti.unisa.it/042953/home"
"CERULLI RAFFAELE","http://docenti.unisa.it/001227/home"
"CHIACCHIO PASQUALE","http://docenti.unisa.it/001888/home"
"CHIADINI FRANCESCO","http://docenti.unisa.it/005609/home"
"CIARLETTA MICHELE","http://docenti.unisa.it/000151/home"
"CITARELLA ROBERTO GUGLIELMO","http://docenti.unisa.it/004219/home"
"COLACE FRANCESCO","http://docenti.unisa.it/003563/home"
"COMO ALESSANDRA","http://docenti.unisa.it/005936/home"
"CUCCURULLO GENNARO","http://docenti.unisa.it/001710/home"
"CUOMO SABATINO","http://docenti.unisa.it/020363/home"
"D'AGOSTINO FRANCESCO","http://docenti.unisa.it/004509/home"
"D'ANIELLO GIUSEPPE","http://docenti.unisa.it/027233/home"
"DE CARO ANNALISA","http://docenti.unisa.it/021200/home"
"DE FEO GIOVANNI","http://docenti.unisa.it/004338/home"
"DE GRUTTOLA DANIELE","http://docenti.unisa.it/021313/home"
"DE LUCA STEFANO","http://docenti.unisa.it/005745/home"
"DE MARCO IOLANDA","http://docenti.unisa.it/005143/home"
"DE MARE GIANLUIGI","http://docenti.unisa.it/005694/home"
"DE RICCARDIS FRANCESCO","http://docenti.unisa.it/001577/home"
"DE SANTO MASSIMO","http://docenti.unisa.it/001256/home"
"DELLA CIOPPA ANTONIO","http://docenti.unisa.it/004367/home"
"DENTALE FABIO","http://docenti.unisa.it/005117/home"
"DI DOMENICO MARIA","http://docenti.unisa.it/032101/home"
"DI MAIO LUCIANO","http://docenti.unisa.it/004250/home"
"DI MATTEO MARISA","http://docenti.unisa.it/001489/home"
"DI PACE ROBERTA","http://docenti.unisa.it/024697/home"
"DI PASQUALE VALENTINA","http://docenti.unisa.it/029204/home"
"DI RUOCCO GIACOMO","http://docenti.unisa.it/020080/home"
"DONSI' FRANCESCO","http://docenti.unisa.it/005843/home"
"ESPOSITO RENATO","http://docenti.unisa.it/001916/home"
"FALANGA MARIAROSARIA","http://docenti.unisa.it/004687/home"
"FASOLINO ISIDORO","http://docenti.unisa.it/005512/home"
"FEMIA NICOLA","http://docenti.unisa.it/001257/home"
"FEO LUCIANO","http://docenti.unisa.it/003249/home"
"FERLISI SETTIMIO","http://docenti.unisa.it/005253/home"
"FERRAIOLI DIODATO","http://docenti.unisa.it/023604/home"
"FERRARA FLAMINIO","http://docenti.unisa.it/004693/home"
"FERRARI GIOVANNA","http://docenti.unisa.it/000775/home"
"FIORE PIERFRANCESCO","http://docenti.unisa.it/020334/home"
"FIORI CHIARA","http://docenti.unisa.it/044953/home"
"FRATERNALI FERNANDO","http://docenti.unisa.it/001258/home"
"FURCOLO PIERLUIGI","http://docenti.unisa.it/005812/home"
"GAETA MATTEO","http://docenti.unisa.it/001319/home"
"GALDI VINCENZO","http://docenti.unisa.it/004253/home"
"GENNARELLI CLAUDIO","http://docenti.unisa.it/001274/home"
"GERUNDO ROBERTO","http://docenti.unisa.it/001075/home"
"GIANNETTI FLAVIO","http://docenti.unisa.it/020052/home"
"GIORDANO CARLA","http://docenti.unisa.it/024878/home"
"GORRASI GIULIANA","http://docenti.unisa.it/004360/home"
"GRECO ANTONIO","http://docenti.unisa.it/026557/home"
"GRECO LUCA","http://docenti.unisa.it/023586/home"
"GRIMALDI MICHELE","http://docenti.unisa.it/023152/home"
"GUARNACCIA CLAUDIO","http://docenti.unisa.it/021322/home"
"GUIDA DOMENICO","http://docenti.unisa.it/005802/home"
"GUIDA DOMENICO","http://docenti.unisa.it/003779/home"
"GUIDA MAURIZIO","http://docenti.unisa.it/005287/home"
"GUIDA MICHELE","http://docenti.unisa.it/001295/home"
"IANNONE RAFFAELE","http://docenti.unisa.it/005456/home"
"IERVOLINO GIUSEPPINA","http://docenti.unisa.it/028002/home"
"INCARNATO LOREDANA","http://docenti.unisa.it/001362/home"
"IOVINO VINCENZO","http://docenti.unisa.it/022887/home"
"IPPOLITO LUCIO","http://docenti.unisa.it/001823/home"
"LAMBERTI GAETANO","http://docenti.unisa.it/005741/home"
"LAMBERTI PATRIZIA","http://docenti.unisa.it/005610/home"
"LAMBIASE ALFREDO","http://docenti.unisa.it/000813/home"
"LATOUR MASSIMO","http://docenti.unisa.it/022925/home"
"LESERRI MASSIMO","http://docenti.unisa.it/044961/home"
"LICCIARDO GIAN DOMENICO","http://docenti.unisa.it/020369/home"
"LIGUORI CONSOLATINA","http://docenti.unisa.it/005686/home"
"LIMONGIELLO MARCO","http://docenti.unisa.it/027037/home"
"LONGOBARDI ANTONIA","http://docenti.unisa.it/005116/home"
"LUCHINI PAOLO","http://docenti.unisa.it/001834/home"
"MACCHIAROLI MARIA","http://docenti.unisa.it/030424/home"
"MAGLIO MONICA","http://docenti.unisa.it/004823/home"
"MAIORINO ANGELO","http://docenti.unisa.it/021194/home"
"MANCUSI GEMINIANO","http://docenti.unisa.it/004652/home"
"MARANO STEFANO","http://docenti.unisa.it/004260/home"
"MARCELLI ANGELO","http://docenti.unisa.it/003780/home"
"MARITATO LUIGI","http://docenti.unisa.it/001129/home"
"MARRA FRANCESCO","http://docenti.unisa.it/004308/home"
"MARTINELLI ENZO","http://docenti.unisa.it/004670/home"
"MATTA VINCENZO","http://docenti.unisa.it/005199/home"
"MESSINA BARBARA","http://docenti.unisa.it/020351/home"
"MICCIO MICHELE","http://docenti.unisa.it/004193/home"
"MICHELINO FRANCESCA","http://docenti.unisa.it/020405/home"
"MIRANDA SALVATORE","http://docenti.unisa.it/005100/home"
"MONTUORI ROSARIO","http://docenti.unisa.it/004742/home"
"MOSCATO FRANCESCO","http://docenti.unisa.it/034348/home"
"NADDEO ALESSANDRO","http://docenti.unisa.it/005685/home"
"NADDEO VINCENZO","http://docenti.unisa.it/020364/home"
"NASTRI ELIDE","http://docenti.unisa.it/025412/home"
"NEITZERT HEINRICH CHRISTOPH","http://docenti.unisa.it/003756/home"
"NESTICO' ANTONIO","http://docenti.unisa.it/020977/home"
"PACIELLO VINCENZO","http://docenti.unisa.it/005052/home"
"PALMA VINCENZO","http://docenti.unisa.it/001726/home"
"PANTANI ROBERTO","http://docenti.unisa.it/004280/home"
"PAPA MARIA NICOLINA","http://docenti.unisa.it/005748/home"
"PATARO GIANPIERO","http://docenti.unisa.it/005515/home"
"PEDUTO DARIO","http://docenti.unisa.it/021291/home"
"PENNA ROSA","http://docenti.unisa.it/024923/home"
"PERONGINI SERGIO","http://docenti.unisa.it/005285/home"
"PETRONE GIOVANNI","http://docenti.unisa.it/020924/home"
"PETTI LUIGI","http://docenti.unisa.it/004657/home"
"PIANESE CESARE","http://docenti.unisa.it/003539/home"
"PIETROSANTO ANTONIO","http://docenti.unisa.it/001385/home"
"PILUSO VINCENZO","http://docenti.unisa.it/001405/home"
"POLETTO MASSIMO","http://docenti.unisa.it/001715/home"
"POLVERINO PIERPAOLO","http://docenti.unisa.it/024927/home"
"POSTIGLIONE FABIO","http://docenti.unisa.it/003735/home"
"PUGLIESE CARRATELLI EUGENIO","http://docenti.unisa.it/001636/home"
"QUARTIERI JOSEPH","http://docenti.unisa.it/003529/home"
"RAIMONDO MARIALUIGIA","http://docenti.unisa.it/023067/home"
"REALFONZO ROBERTO","http://docenti.unisa.it/005680/home"
"REMONDELLI PAOLO","http://docenti.unisa.it/005665/home"
"RENNO CARLO","http://docenti.unisa.it/005250/home"
"RESTAINO ROCCO","http://docenti.unisa.it/004490/home"
"REVERCHON ERNESTO","http://docenti.unisa.it/000811/home"
"RIBERA FEDERICA","http://docenti.unisa.it/005737/home"
"RICCIO GIOVANNI","http://docenti.unisa.it/001776/home"
"RIEMMA STEFANO","http://docenti.unisa.it/003775/home"
"RITROVATO PIERLUIGI","http://docenti.unisa.it/003741/home"
"RIZZO GIANFRANCO","http://docenti.unisa.it/001528/home"
"RIZZO LUIGI","http://docenti.unisa.it/004337/home"
"ROMANO VITTORIO RAFFAELE A.","http://docenti.unisa.it/000796/home"
"ROMEO FRANCESCO","http://docenti.unisa.it/021439/home"
"RUBINO ALFREDO","http://docenti.unisa.it/005807/home"
"RUGGIERO ALESSANDRO","http://docenti.unisa.it/004299/home"
"RUSSO GIOVANNI","http://docenti.unisa.it/045640/home"
"RUSSO GIOVANNI","http://docenti.unisa.it/048715/home"
"SAGGESE ALESSIA","http://docenti.unisa.it/024950/home"
"SANNINO DIANA","http://docenti.unisa.it/004287/home"
"SCAGLIONE ANTONIO","http://docenti.unisa.it/000802/home"
"SCARFATO PAOLA","http://docenti.unisa.it/004354/home"
"SELLITTO ANTONIO","http://docenti.unisa.it/021400/home"
"SENATORE ADOLFO","http://docenti.unisa.it/020027/home"
"SEPE RAFFAELE","http://docenti.unisa.it/026806/home"
"SESTI OSSEO LIBERO","http://docenti.unisa.it/001261/home"
"SICIGNANO ENRICO","http://docenti.unisa.it/001631/home"
"SOMMELLA PAOLO","http://docenti.unisa.it/021440/home"
"SORRENTINO MARCO","http://docenti.unisa.it/020343/home"
"SPAGNUOLO GIOVANNI","http://docenti.unisa.it/004294/home"
"TACELLI CRISTIAN","http://docenti.unisa.it/025963/home"
"TALENTI SIMONA","http://docenti.unisa.it/005965/home"
"TIBULLO VINCENZO","http://docenti.unisa.it/020265/home"
"TORTORELLA FRANCESCO","http://docenti.unisa.it/041789/home"
"TORTORIELLO FRANCESCO SAVERIO","http://docenti.unisa.it/022387/home"
"TROIANO ALFREDO","http://docenti.unisa.it/054649/home"
"TUCCI VINCENZO","http://docenti.unisa.it/001680/home"
"VAIANO VINCENZO","http://docenti.unisa.it/020273/home"
"VICCIONE GIACOMO","http://docenti.unisa.it/020718/home"
"VIGLIOTTA GIOVANNI","http://docenti.unisa.it/005975/home"
"VILLANI PAOLO","http://docenti.unisa.it/001262/home"
"VISCONTI IVAN","http://docenti.unisa.it/004312/home"
"ZAMBONI WALTER","http://docenti.unisa.it/022852/home"
"ZAMPOLI VITTORIO","http://docenti.unisa.it/020763/home"
"ZARRA TIZIANO","http://docenti.unisa.it/020997/home"
